timestamp,open,high,low,close,volume
2026-08-27T17:39:00+00:00,1.08,1.0800828519050276,1.0798774525862929,1.079914077250967,1141.7807900490334
2026-08-27T17:40:00+00:00,1.079914077250967,1.079948629417326,1.079394161584008,1.079574221185098,1106.036671031484
2026-08-27T17:41:00+00:00,1.079574221185098,1.0800188496178218,1.0795102937169727,1.0799785281775993,1046.3316651070998
2026-08-27T17:42:00+00:00,1.0799785281775993,1.0801170760799699,1.0792801686855245,1.0793621545812713,1124.704509540486
2026-08-27T17:43:00+00:00,1.0793621545812713,1.079644497606613,1.07859348002776,1.0787374292332694,1117.0473189333086
2026-08-27T17:44:00+00:00,1.0787374292332694,1.0788752563601605,1.0786531299648767,1.0788678264568246,1160.5586874686235
2026-08-27T17:45:00+00:00,1.0788678264568246,1.0790641055133727,1.0787608344848563,1.0790003115928708,1429.3825793334356
2026-08-27T17:46:00+00:00,1.0790003115928708,1.0794210450406336,1.0788999106816681,1.0792272689365507,1184.8789740561933
2026-08-27T17:47:00+00:00,1.0792272689365507,1.0792444968569996,1.0790125815519347,1.0791148943901634,1062.106813392423
2026-08-27T17:48:00+00:00,1.0791148943901634,1.0792697871397081,1.0788800721048442,1.0789643268608649,1305.230328724976
2026-08-27T17:49:00+00:00,1.0789643268608649,1.0790039397544209,1.0786093974718183,1.0786784089931694,1372.4357837152788
2026-08-27T17:50:00+00:00,1.0786784089931694,1.078928045711458,1.0783524813783336,1.0787166856964536,1080.3984627664177
2026-08-27T17:51:00+00:00,1.0787166856964536,1.0788489245451731,1.0786168825150924,1.0786973625090752,1015.5699737332388
2026-08-27T17:52:00+00:00,1.0786973625090752,1.078831311783929,1.0780576484658835,1.0781658967030152,1236.4604481018534
2026-08-27T17:53:00+00:00,1.0781658967030152,1.0787903681119333,1.0781466071048253,1.0787317535494743,1324.7920211828125
2026-08-27T17:54:00+00:00,1.0787317535494743,1.0790860991661486,1.0786585019623727,1.0789870871699405,1316.1969435753308
2026-08-27T17:55:00+00:00,1.0789870871699405,1.079073048090039,1.0784368193934053,1.0786453491866597,1507.9480118621689
2026-08-27T17:56:00+00:00,1.0786453491866597,1.0786840754286986,1.0778859634719338,1.0781193789730226,1144.6242375937038
2026-08-27T17:57:00+00:00,1.0781193789730226,1.0785266226386818,1.0773696896560208,1.0774274500916399,1184.0654849341129
2026-08-27T17:58:00+00:00,1.0774274500916399,1.0775854070823052,1.076852799894965,1.0770307985462624,1039.3129701096216
2026-08-27T17:59:00+00:00,1.0770307985462624,1.0772198503147539,1.076773279826914,1.077149669251212,1154.7571508138462
2026-08-27T18:00:00+00:00,1.077149669251212,1.0774605322724746,1.076896273477114,1.07737201470249,1320.4333796010226
2026-08-27T18:01:00+00:00,1.07737201470249,1.0778451670154832,1.0770530249792767,1.0777595459621925,1158.420006396584
2026-08-27T18:02:00+00:00,1.0777595459621925,1.0783981050875235,1.0777297962050436,1.0781052031610712,1254.8819179630732
2026-08-27T18:03:00+00:00,1.0781052031610712,1.0783655827415877,1.0775496652877274,1.0776388879638417,1037.5346878199462
2026-08-27T18:04:00+00:00,1.0776388879638417,1.0778953888157126,1.0776194268196582,1.0777903315817512,1286.4150589644905
2026-08-27T18:05:00+00:00,1.0777903315817512,1.0778573813745982,1.0774017738593595,1.0775701470859205,1006.6997353868192
2026-08-27T18:06:00+00:00,1.0775701470859205,1.0777231278768677,1.0770310535660335,1.0772678635821766,1111.2065212889368
2026-08-27T18:07:00+00:00,1.0772678635821766,1.0772896375682806,1.0767536424180961,1.0767777114370478,1074.4999124083952
2026-08-27T18:08:00+00:00,1.0767777114370478,1.0775035955485177,1.0765741056966731,1.0773376419506315,1317.0804947684048
2026-08-27T18:09:00+00:00,1.0773376419506315,1.0774396961974488,1.076889378144539,1.077071730207579,1214.750587563385
2026-08-27T18:10:00+00:00,1.077071730207579,1.0772560182462805,1.0770470951336981,1.077233015604197,1143.8200677085104
2026-08-27T18:11:00+00:00,1.077233015604197,1.077277845086525,1.0771054550779224,1.0771979960590703,1000.209869118435
2026-08-27T18:12:00+00:00,1.0771979960590703,1.0776091356554385,1.0768731187131597,1.077517674102608,1081.2356591931803
2026-08-27T18:13:00+00:00,1.077517674102608,1.077577888680556,1.0773861459975413,1.077388263970125,1230.9461511062127
2026-08-27T18:14:00+00:00,1.077388263970125,1.0774506166294917,1.076996461803774,1.0772933586734181,1641.1698685534834
2026-08-27T18:15:00+00:00,1.0772933586734181,1.0773327709688947,1.076837375486974,1.0769017206977234,1059.6433322152675
2026-08-27T18:16:00+00:00,1.0769017206977234,1.0770075499071592,1.076725862864664,1.0767714313039036,1234.9231022230306
2026-08-27T18:17:00+00:00,1.0767714313039036,1.077776931118254,1.0766819146155884,1.0777195210754986,1024.8621380442216
2026-08-27T18:18:00+00:00,1.0777195210754986,1.0777296637439326,1.0772257614160687,1.077666756448173,1121.7247574693736
2026-08-27T18:19:00+00:00,1.077666756448173,1.0782684633532515,1.077655974361424,1.0780794929012276,1238.376343445286
2026-08-27T18:20:00+00:00,1.0780794929012276,1.0786760433544225,1.077804354075888,1.0784348429905404,1088.3440016909701
2026-08-27T18:21:00+00:00,1.0784348429905404,1.0785356696136121,1.0781617777794126,1.0783383752338662,1670.7073926955804
2026-08-27T18:22:00+00:00,1.0783383752338662,1.0790156108354163,1.0782278752247505,1.0787813734032468,1373.0346008427412
2026-08-27T18:23:00+00:00,1.0787813734032468,1.079073082441229,1.0787572109210106,1.0788797491412814,1047.7757727871287
2026-08-27T18:24:00+00:00,1.0788797491412814,1.0792354378303444,1.0788654300256229,1.079212551423821,1383.3140148651864
2026-08-27T18:25:00+00:00,1.079212551423821,1.0796877655505253,1.0787681330081074,1.0796401833688196,1286.7097610794112
2026-08-27T18:26:00+00:00,1.0796401833688196,1.0800602020703738,1.0796187472667913,1.0800171556250744,1176.2514045414755
2026-08-27T18:27:00+00:00,1.0800171556250744,1.0802357269708895,1.0797697249859897,1.0801322537615616,1377.3777705304099
2026-08-27T18:28:00+00:00,1.0801322537615616,1.080551607682424,1.0799659163787179,1.0803955188640553,1367.534846817914
2026-08-27T18:29:00+00:00,1.0803955188640553,1.0810258815273979,1.0801567933647138,1.0809048378028732,1234.4344231614525
2026-08-27T18:30:00+00:00,1.0809048378028732,1.081120199073503,1.0807806357755363,1.0809353093743594,1397.3557233469328
2026-08-27T18:31:00+00:00,1.0809353093743594,1.0811883020223987,1.0804680458930125,1.0806281997729643,1044.4586667456751
2026-08-27T18:32:00+00:00,1.0806281997729643,1.0808562066612086,1.0798960088660938,1.0799116017893846,1150.7070613228848
2026-08-27T18:33:00+00:00,1.0799116017893846,1.080157811851195,1.079668930257423,1.0800913920088915,1255.035202681656
2026-08-27T18:34:00+00:00,1.0800913920088915,1.080790266883898,1.0798561098668724,1.0805491919751522,1045.1561433085558
2026-08-27T18:35:00+00:00,1.0805491919751522,1.0807142846653344,1.0802768963708558,1.0802955614981502,1031.0473714660388
2026-08-27T18:36:00+00:00,1.0802955614981502,1.080903971963657,1.0799233901904675,1.080861261222844,1096.7978017915798
2026-08-27T18:37:00+00:00,1.080861261222844,1.0809940099004014,1.080135188328138,1.0801865568354097,1152.801787832287
2026-08-27T18:38:00+00:00,1.0801865568354097,1.0803438586267549,1.0801737655215558,1.080208947440439,1331.6303780488618
2026-08-27T18:39:00+00:00,1.080208947440439,1.0803775142789507,1.0799479057422705,1.0801895680362728,1402.4732459361067
2026-08-27T18:40:00+00:00,1.0801895680362728,1.080332137538312,1.079634823593194,1.0799387176853168,1270.8373487379026
2026-08-27T18:41:00+00:00,1.0799387176853168,1.080111883529682,1.0789998694739629,1.0791992949366123,1003.1910107064626
2026-08-27T18:42:00+00:00,1.0791992949366123,1.0792039243013838,1.079032719744541,1.0791284689429,1058.4157938285907
2026-08-27T18:43:00+00:00,1.0791284689429,1.0798132569367023,1.07904251924989,1.0798060867186636,1250.1298419418022
2026-08-27T18:44:00+00:00,1.0798060867186636,1.0800101200413954,1.079641658988601,1.0797316106956596,1268.398684841842
2026-08-27T18:45:00+00:00,1.0797316106956596,1.0798284376502751,1.0789460120444998,1.07910907794157,1198.1841624644014
2026-08-27T18:46:00+00:00,1.07910907794157,1.0792411170779137,1.0790822114547431,1.0791107762841974,1294.7288643643171
2026-08-27T18:47:00+00:00,1.0791107762841974,1.0792142013046075,1.0783688562789797,1.078518133452403,1141.3862879390988
2026-08-27T18:48:00+00:00,1.078518133452403,1.0786428576862224,1.0779270306443043,1.0781747575136909,1029.3187300749612
2026-08-27T18:49:00+00:00,1.0781747575136909,1.0782336494621103,1.07734453081584,1.0777260614275437,1081.9453023915235
2026-08-27T18:50:00+00:00,1.0777260614275437,1.0780400269428938,1.077362539574742,1.0774796685291788,1068.877062860302
2026-08-27T18:51:00+00:00,1.0774796685291788,1.0776210979496978,1.0765864811546175,1.0766334801214423,1114.6455526273012
2026-08-27T18:52:00+00:00,1.0766334801214423,1.0770421201135536,1.076525886220331,1.0769213611077257,1081.6563220238588
2026-08-27T18:53:00+00:00,1.0769213611077257,1.0775238195115253,1.0768484721341463,1.0774171820106946,1937.7905061448746
2026-08-27T18:54:00+00:00,1.0774171820106946,1.0779592208123558,1.0773691995463566,1.0777475363520368,1117.3768601708546
2026-08-27T18:55:00+00:00,1.0777475363520368,1.0787552622993741,1.0776717399413718,1.078470848095736,1605.9289443204943
2026-08-27T18:56:00+00:00,1.078470848095736,1.0785824033020113,1.0778061951772546,1.0781112544398699,1030.0526779955999
2026-08-27T18:57:00+00:00,1.0781112544398699,1.0784586891150787,1.0779647765853135,1.078312700298113,1022.2739502899166
2026-08-27T18:58:00+00:00,1.078312700298113,1.0785455421029755,1.078307114511583,1.0784120263515293,1048.835078850072
2026-08-27T18:59:00+00:00,1.0784120263515293,1.0784700948238155,1.0778722855396425,1.0780164711786926,1025.4358042574208
2026-08-27T19:00:00+00:00,1.0780164711786926,1.0781525606391051,1.0772506453763366,1.0776817201915352,1284.9735728517412
2026-08-27T19:01:00+00:00,1.0776817201915352,1.078327627358509,1.077581256292296,1.0779083880040592,1120.1733751096094
2026-08-27T19:02:00+00:00,1.0779083880040592,1.0785983418181286,1.0778974760689617,1.0785291389377119,1130.611068274557
2026-08-27T19:03:00+00:00,1.0785291389377119,1.0786962979970844,1.0777272467753694,1.0777797699269898,1175.5178256611266
2026-08-27T19:04:00+00:00,1.0777797699269898,1.0785561617699488,1.077553047975962,1.078263520047582,1166.5835596735474
2026-08-27T19:05:00+00:00,1.078263520047582,1.0783859946780354,1.0781990699741417,1.0783563185749794,1243.5527017922961
2026-08-27T19:06:00+00:00,1.0783563185749794,1.079306614578226,1.0781631479821787,1.079138691844191,1336.2519955062062
2026-08-27T19:07:00+00:00,1.079138691844191,1.0799234030138534,1.0788439298683385,1.0797631960451617,1202.5358495306343
2026-08-27T19:08:00+00:00,1.0797631960451617,1.079805414593076,1.0790643116155818,1.0794140518743873,1187.0297075599858
2026-08-27T19:09:00+00:00,1.0794140518743873,1.079498692207429,1.079253654246126,1.0793714489640538,1031.0560549978918
2026-08-27T19:10:00+00:00,1.0793714489640538,1.0795845624960079,1.0792681537180095,1.0795235658325022,1052.2454296322758
2026-08-27T19:11:00+00:00,1.0795235658325022,1.0796513528633516,1.0793713147371042,1.0793793063672428,1206.5239005661088
2026-08-27T19:12:00+00:00,1.0793793063672428,1.0793793627833088,1.0791025046305696,1.079120245965268,1039.2485615238047
2026-08-27T19:13:00+00:00,1.079120245965268,1.0791487135463778,1.0790750187045035,1.0790967553264497,1314.6079002834279
2026-08-27T19:14:00+00:00,1.0790967553264497,1.0794024741737913,1.0790264020592713,1.0792318977221187,1047.3114895564408
2026-08-27T19:15:00+00:00,1.0792318977221187,1.0795322164828554,1.0789249393735942,1.0793758633234067,1014.8925624155097
2026-08-27T19:16:00+00:00,1.0793758633234067,1.0794956513689449,1.078823554015973,1.0789990139308498,1657.1278580187757
2026-08-27T19:17:00+00:00,1.0789990139308498,1.079254428654823,1.0785187254095843,1.0785804962531325,1342.354201675446
2026-08-27T19:18:00+00:00,1.0785804962531325,1.0786647709226127,1.078185429737407,1.0782657924941277,1044.1821882967204
2026-08-27T19:19:00+00:00,1.0782657924941277,1.0789130152817117,1.078262399206374,1.0787986891788386,1149.1667280208378
2026-08-27T19:20:00+00:00,1.0787986891788386,1.079553022756906,1.0786330245721019,1.0793957593910035,1270.7093211014333
2026-08-27T19:21:00+00:00,1.0793957593910035,1.0795139280159818,1.079263481936548,1.079311475126017,1267.2158036068306
2026-08-27T19:22:00+00:00,1.079311475126017,1.0796551174701026,1.0792770929752493,1.0795080474307717,1636.5941209161929
2026-08-27T19:23:00+00:00,1.0795080474307717,1.079982283806838,1.0794933780484903,1.0799473858300672,1648.8006284905834
2026-08-27T19:24:00+00:00,1.0799473858300672,1.0800889897308021,1.079629225728452,1.0797880274583551,1001.6462470831045
2026-08-27T19:25:00+00:00,1.0797880274583551,1.0798184023952495,1.079258724703962,1.0793169073230262,1282.4196491750654
2026-08-27T19:26:00+00:00,1.0793169073230262,1.0795862041212767,1.0791787154259262,1.0795822593752762,1134.9606441608055
2026-08-27T19:27:00+00:00,1.0795822593752762,1.0796383080913772,1.079542850274579,1.0796293672090325,1171.5401320548074
2026-08-27T19:28:00+00:00,1.0796293672090325,1.0797311789975625,1.07919914595193,1.079199950970888,1365.991594453048
2026-08-27T19:29:00+00:00,1.079199950970888,1.0795251419089182,1.0788934531307133,1.0790039784767065,1142.108740604653
2026-08-27T19:30:00+00:00,1.0790039784767065,1.0791951283457608,1.0789664107665027,1.0791863038940064,1637.5710943892605
2026-08-27T19:31:00+00:00,1.0791863038940064,1.0799284770649664,1.0790092983566715,1.0798449020646397,1220.5817757417674
2026-08-27T19:32:00+00:00,1.0798449020646397,1.0801396214554027,1.0796164831655028,1.0797428928329293,1233.7850131798164
2026-08-27T19:33:00+00:00,1.0797428928329293,1.0797513348587386,1.0788916818966412,1.0789937023867449,1440.5093069389404
2026-08-27T19:34:00+00:00,1.0789937023867449,1.079166085930129,1.0781703210243732,1.0782720923790763,1350.7150571204743
2026-08-27T19:35:00+00:00,1.0782720923790763,1.078312466809662,1.07814919384102,1.0782517374575833,1175.5020622564175
2026-08-27T19:36:00+00:00,1.0782517374575833,1.0789748920283078,1.078039557228768,1.0787864849072215,1126.3543982069593
2026-08-27T19:37:00+00:00,1.0787864849072215,1.0789607009077866,1.0783406847425239,1.0783538352438966,1001.3692407515736
2026-08-27T19:38:00+00:00,1.0783538352438966,1.0787633067113407,1.0781536426017206,1.0785065814326433,1005.7766519317722
2026-08-27T19:39:00+00:00,1.0785065814326433,1.0785569356304174,1.0784103626311508,1.0784205882415345,1189.938507591184
2026-08-27T19:40:00+00:00,1.0784205882415345,1.0787319937704565,1.0784063925690657,1.0786746726514271,1168.0164679092381
2026-08-27T19:41:00+00:00,1.0786746726514271,1.0791150309796749,1.0784396674423642,1.0785984321701814,1009.3320105939969
2026-08-27T19:42:00+00:00,1.0785984321701814,1.0786307128728585,1.077996458520714,1.078020299899196,1344.3804726248475
2026-08-27T19:43:00+00:00,1.078020299899196,1.0780710467908394,1.077841278422997,1.0779156342480496,1152.9736615005359
2026-08-27T19:44:00+00:00,1.0779156342480496,1.0780532768594142,1.0778687186227964,1.0778920451137353,1016.356808113307
2026-08-27T19:45:00+00:00,1.0778920451137353,1.0782070970626765,1.0777752186398477,1.0781594971642288,1338.6017969975162
2026-08-27T19:46:00+00:00,1.0781594971642288,1.0782792364730622,1.077829567868066,1.078009360301609,1028.9845488073977
2026-08-27T19:47:00+00:00,1.078009360301609,1.0780264095939747,1.0777304610277354,1.0778150641628481,1103.2502711651214
2026-08-27T19:48:00+00:00,1.0778150641628481,1.0787352327540711,1.0776369483783659,1.0786832167559268,1030.4152567294532
2026-08-27T19:49:00+00:00,1.0786832167559268,1.0794809152491163,1.0785616258960116,1.079096337956236,1061.7597395761
2026-08-27T19:50:00+00:00,1.079096337956236,1.0796943006856807,1.0790441304010765,1.0793160233336283,1319.9602995902364
2026-08-27T19:51:00+00:00,1.0793160233336283,1.0797515638489916,1.0792334456458919,1.0795981461354582,1039.018192841561
2026-08-27T19:52:00+00:00,1.0795981461354582,1.0799582159256556,1.0794068360773978,1.079783593403798,1254.299516693998
2026-08-27T19:53:00+00:00,1.079783593403798,1.0802148740313395,1.0797474069686472,1.079871348927891,1004.8761837670295
2026-08-27T19:54:00+00:00,1.079871348927891,1.0803092872483966,1.0797405265129172,1.0803050348150627,1064.5399626533185
2026-08-27T19:55:00+00:00,1.0803050348150627,1.080634895105768,1.0801798524611372,1.080519808559574,1438.1265185320076
2026-08-27T19:56:00+00:00,1.080519808559574,1.0811483651406453,1.0804762756030335,1.0811454075134417,1107.1268785506284
2026-08-27T19:57:00+00:00,1.0811454075134417,1.081790758867993,1.0810360882344723,1.0816763800647422,1119.9232744267579
2026-08-27T19:58:00+00:00,1.0816763800647422,1.0817929844767333,1.0811937780265148,1.0814101393468603,1002.5299456723394
2026-08-27T19:59:00+00:00,1.0814101393468603,1.0815417711774216,1.0811428677898598,1.0811508969604358,1077.6581265743762
2026-08-27T20:00:00+00:00,1.0811508969604358,1.081908613245568,1.081066593574482,1.081724997555974,1570.8950462237908
2026-08-27T20:01:00+00:00,1.081724997555974,1.081852527195519,1.0816197650431552,1.0817248048077497,1011.1656019530267
2026-08-27T20:02:00+00:00,1.0817248048077497,1.0820147078744065,1.0808400507537765,1.0810615194870412,1303.8252080450932
2026-08-27T20:03:00+00:00,1.0810615194870412,1.081324389602418,1.0803014438245013,1.0804920030830896,1114.8873050421807
2026-08-27T20:04:00+00:00,1.0804920030830896,1.0805426934679945,1.0804502400605,1.0804698760039502,1272.043917433348
2026-08-27T20:05:00+00:00,1.0804698760039502,1.0807135897150688,1.0804582914475445,1.0804805310455012,1077.186740370633
2026-08-27T20:06:00+00:00,1.0804805310455012,1.080697253931694,1.0803340643251929,1.0806596924549334,1039.893086243972
2026-08-27T20:07:00+00:00,1.0806596924549334,1.0809135126986371,1.0803550876269639,1.0804795138521295,1051.8373492440926
2026-08-27T20:08:00+00:00,1.0804795138521295,1.0805933989475531,1.0801534101246748,1.0803052836008173,1088.237176666631
2026-08-27T20:09:00+00:00,1.0803052836008173,1.0805050518755739,1.08021310253725,1.0804215041731868,1524.6706496908882
2026-08-27T20:10:00+00:00,1.0804215041731868,1.0804236032188335,1.0797077709967633,1.0801605662322136,1466.766195445609
2026-08-27T20:11:00+00:00,1.0801605662322136,1.0801880429906379,1.0799448466383137,1.0799698574742032,1101.9667153074895
2026-08-27T20:12:00+00:00,1.0799698574742032,1.0800291678087908,1.0798783692850777,1.0798869189070543,1192.8390307720597
2026-08-27T20:13:00+00:00,1.0798869189070543,1.0800302802528143,1.0791793806102257,1.0791797399504277,1257.9622315016204
2026-08-27T20:14:00+00:00,1.0791797399504277,1.0792813572198918,1.0786889767511674,1.0787941559846395,1158.7290966607989
2026-08-27T20:15:00+00:00,1.0787941559846395,1.0791352111686054,1.0787119428585508,1.0790856010013032,1026.1491659856283
2026-08-27T20:16:00+00:00,1.0790856010013032,1.0790904681267734,1.078490642938075,1.0785641313518712,1132.3508739699705
2026-08-27T20:17:00+00:00,1.0785641313518712,1.0786853443634767,1.0783960782789779,1.0785381365147106,1160.0050351437517
2026-08-27T20:18:00+00:00,1.0785381365147106,1.0793434587850512,1.0785144327346325,1.0792536814961762,1037.6133620354126
2026-08-27T20:19:00+00:00,1.0792536814961762,1.0799000380326444,1.0791083497815879,1.0798487921150899,1172.519784199018
2026-08-27T20:20:00+00:00,1.0798487921150899,1.079858458329407,1.0795611317203577,1.0798568636236103,1360.2028375206091
2026-08-27T20:21:00+00:00,1.0798568636236103,1.0804952325533257,1.0797362931698484,1.0802118156490301,1032.7899344558866
2026-08-27T20:22:00+00:00,1.0802118156490301,1.0804566082873674,1.0799689345490833,1.0803972205279602,1053.0110194653728
2026-08-27T20:23:00+00:00,1.0803972205279602,1.0810715575874648,1.0802314608256143,1.0809783463075546,1339.8950022501485
2026-08-27T20:24:00+00:00,1.0809783463075546,1.0810327471807986,1.0802595557311512,1.0805338899318744,1107.3604893357997
2026-08-27T20:25:00+00:00,1.0805338899318744,1.081007158042017,1.0804496992337143,1.0806450907657592,1168.5172270351502
2026-08-27T20:26:00+00:00,1.0806450907657592,1.0809530590419687,1.080480607108454,1.0808641254915774,1292.4943307489093
2026-08-27T20:27:00+00:00,1.0808641254915774,1.0810342885951554,1.0806522430680578,1.0809941734960888,1050.562245764878
2026-08-27T20:28:00+00:00,1.0809941734960888,1.081068771011158,1.080790662023028,1.0808095913746836,1021.5065714880894
2026-08-27T20:29:00+00:00,1.0808095913746836,1.0809803951459969,1.080471912585834,1.0806973611876165,1091.7442854420158
2026-08-27T20:30:00+00:00,1.0806973611876165,1.0811624776486677,1.0806856914094074,1.0810396268449107,1187.4754545633757
2026-08-27T20:31:00+00:00,1.0810396268449107,1.081697583078762,1.0810276164392676,1.0816355141185072,1049.0984636442606
2026-08-27T20:32:00+00:00,1.0816355141185072,1.0816380947935467,1.0809824513628095,1.0810920543195641,1092.8698315918414
2026-08-27T20:33:00+00:00,1.0810920543195641,1.0814126301909106,1.0806826403457477,1.0806888463344424,1065.1531503403576
2026-08-27T20:34:00+00:00,1.0806888463344424,1.080832931371635,1.0804619491190555,1.0805062244377217,1151.4237866149217
2026-08-27T20:35:00+00:00,1.0805062244377217,1.080966752933589,1.0803964253378244,1.0807125384040313,1005.1929297512604
2026-08-27T20:36:00+00:00,1.0807125384040313,1.0810862842610505,1.0806625324209103,1.0810598981925716,1163.873880496073
2026-08-27T20:37:00+00:00,1.0810598981925716,1.0814707066852425,1.0809485977658349,1.0812009253115744,1591.5533559769522
2026-08-27T20:38:00+00:00,1.0812009253115744,1.081203704620072,1.080956617379188,1.0809847190406796,1256.076152733134
2026-08-27T20:39:00+00:00,1.0809847190406796,1.0813253177707245,1.080424826015542,1.0805230468907072,1198.8597456926486
2026-08-27T20:40:00+00:00,1.0805230468907072,1.0811922161417886,1.0804898286992926,1.0807657719124975,1063.472500850859
2026-08-27T20:41:00+00:00,1.0807657719124975,1.0811844281137128,1.0804960625310078,1.0811246162836532,1309.5651865963193
2026-08-27T20:42:00+00:00,1.0811246162836532,1.0816832396064342,1.080858637277693,1.0809903693567395,1093.0981510619076
2026-08-27T20:43:00+00:00,1.0809903693567395,1.0816975798185713,1.0809894118522723,1.0813481727436862,1063.6356188834047
2026-08-27T20:44:00+00:00,1.0813481727436862,1.0814840786889297,1.081065488773825,1.08116771840379,1287.6721534493884
2026-08-27T20:45:00+00:00,1.08116771840379,1.081201392044293,1.0811396180008537,1.0811906433020366,1228.5909536675504
2026-08-27T20:46:00+00:00,1.0811906433020366,1.0814098867610065,1.0810828412242517,1.081386888646696,1037.9449778538126
2026-08-27T20:47:00+00:00,1.081386888646696,1.0816229528660868,1.0808847019824308,1.0809601466468493,1239.315673511739
2026-08-27T20:48:00+00:00,1.0809601466468493,1.0814341444033646,1.0807064950923833,1.0813781872367578,1402.4871716405619
2026-08-27T20:49:00+00:00,1.0813781872367578,1.081659143490243,1.0813460961856258,1.081514526112406,1037.3824951087029
2026-08-27T20:50:00+00:00,1.081514526112406,1.0816721433474143,1.0809339412996948,1.080938824384002,1071.628619434689
2026-08-27T20:51:00+00:00,1.080938824384002,1.081094737325109,1.0808292735357918,1.0810820718504313,1092.7547665717545
2026-08-27T20:52:00+00:00,1.0810820718504313,1.0814289280431109,1.0810102473141798,1.081078890478245,1168.9285913758379
2026-08-27T20:53:00+00:00,1.081078890478245,1.081654446198444,1.0810592134178634,1.081595394816498,1395.8630032992912
2026-08-27T20:54:00+00:00,1.081595394816498,1.0817144797370994,1.081210588100062,1.0814828485809822,1009.9449443931916
2026-08-27T20:55:00+00:00,1.0814828485809822,1.0820733826561353,1.0814491595726394,1.0819580741162766,1019.3390008680306
2026-08-27T20:56:00+00:00,1.0819580741162766,1.082195755301093,1.0815702126782227,1.0820124023711175,1166.3671413093127
2026-08-27T20:57:00+00:00,1.0820124023711175,1.082093129427321,1.0816341556386733,1.0818053751034808,1124.2539246365905
2026-08-27T20:58:00+00:00,1.0818053751034808,1.0820776532813332,1.0817191779759674,1.0820326125899218,1387.3293366669304
2026-08-27T20:59:00+00:00,1.0820326125899218,1.082581781534047,1.0819195754021675,1.082330978257682,1139.0494578120638
2026-08-27T21:00:00+00:00,1.082330978257682,1.0824703987800883,1.082176217506911,1.0821894717427494,1099.3591767741443
2026-08-27T21:01:00+00:00,1.0821894717427494,1.082662333217797,1.0821884671015425,1.0824055958207868,1091.4495113744902
2026-08-27T21:02:00+00:00,1.0824055958207868,1.0829288116102143,1.0821971493266787,1.0828853077498295,1622.5715147952405
2026-08-27T21:03:00+00:00,1.0828853077498295,1.084054779889046,1.0828789473119544,1.083732120113018,1104.3206842763213
2026-08-27T21:04:00+00:00,1.083732120113018,1.0842167716592739,1.083687872167357,1.0841079804381497,1263.4590905613168
2026-08-27T21:05:00+00:00,1.0841079804381497,1.0843243524397077,1.0839307910930616,1.084156291551708,1256.797274575805
2026-08-27T21:06:00+00:00,1.084156291551708,1.0844713725003696,1.0841135194207736,1.0841558498442536,1109.133218754135
2026-08-27T21:07:00+00:00,1.0841558498442536,1.0844495654881763,1.0840123962752424,1.084335422895348,1098.5478460804025
2026-08-27T21:08:00+00:00,1.084335422895348,1.0844435297868795,1.0843226294633463,1.0843246006942175,1187.55496321336
2026-08-27T21:09:00+00:00,1.0843246006942175,1.085059478121961,1.0841971679196123,1.0847820598287667,1104.9419186879381
2026-08-27T21:10:00+00:00,1.0847820598287667,1.0850911127569254,1.083728785765489,1.0838466070597141,1008.3439195979004
2026-08-27T21:11:00+00:00,1.0838466070597141,1.084272481733548,1.083771185630007,1.0840515707502594,1006.5978237941689
2026-08-27T21:12:00+00:00,1.0840515707502594,1.0840990531137944,1.0831708335514012,1.0833649491437043,1466.9505184303084
2026-08-27T21:13:00+00:00,1.0833649491437043,1.0837106893294692,1.0832877881577387,1.0836766811165726,1110.377648159841
2026-08-27T21:14:00+00:00,1.0836766811165726,1.0842126981952678,1.0835346781747217,1.0841763271122624,1102.4786890483883
2026-08-27T21:15:00+00:00,1.0841763271122624,1.0845894405967313,1.0841587080497077,1.0844570312728885,1432.7530742145084
2026-08-27T21:16:00+00:00,1.0844570312728885,1.0846557671044048,1.0842708069858134,1.0846300263702418,1197.5330008032643
2026-08-27T21:17:00+00:00,1.0846300263702418,1.0848595922738657,1.0845607082049662,1.084706745882215,1131.0350637961783
2026-08-27T21:18:00+00:00,1.084706745882215,1.0849267275944052,1.0846298463127275,1.0846934294622597,1137.4302291981924
2026-08-27T21:19:00+00:00,1.0846934294622597,1.0850427834662906,1.0846481066560851,1.0850324308334376,1144.0257886466254
2026-08-27T21:20:00+00:00,1.0850324308334376,1.0851339187501994,1.084878432434086,1.0849360016456007,1302.4076737644718
2026-08-27T21:21:00+00:00,1.0849360016456007,1.0851274254297258,1.0847732324517858,1.0850982876489432,1347.7755346508484
2026-08-27T21:22:00+00:00,1.0850982876489432,1.0851528858327502,1.084861916398704,1.084991433408881,1330.1739329996058
2026-08-27T21:23:00+00:00,1.084991433408881,1.0850627598120066,1.084586282579697,1.0847288280667844,1578.562910155405
2026-08-27T21:24:00+00:00,1.0847288280667844,1.084923264838259,1.08443415357179,1.0845394597911862,1202.8260339885471
2026-08-27T21:25:00+00:00,1.0845394597911862,1.085792704986116,1.0844687753163589,1.0853790167342927,1125.128706086936
2026-08-27T21:26:00+00:00,1.0853790167342927,1.0854878483485249,1.0849898523846788,1.0853402238926122,1019.8753509247633
2026-08-27T21:27:00+00:00,1.0853402238926122,1.085479279865501,1.0844311010590941,1.084711218532575,1287.712205942434
2026-08-27T21:28:00+00:00,1.084711218532575,1.0847347849126927,1.084281582540299,1.0844867062260033,1029.4679312185137
2026-08-27T21:29:00+00:00,1.0844867062260033,1.0847625903911629,1.0837604023673697,1.0839526825996142,1185.1081305427629
2026-08-27T21:30:00+00:00,1.0839526825996142,1.084092433869577,1.0835556129886206,1.0836363417109283,1161.9254291696402
2026-08-27T21:31:00+00:00,1.0836363417109283,1.0836854454166005,1.082625650774084,1.0827718914911468,1183.3629320355935
2026-08-27T21:32:00+00:00,1.0827718914911468,1.0834965763586837,1.082744432955322,1.0830973593736484,1123.048824872468
2026-08-27T21:33:00+00:00,1.0830973593736484,1.0842104133489998,1.0830438648681766,1.084055324526597,1008.9641158994865
2026-08-27T21:34:00+00:00,1.084055324526597,1.084453333083666,1.0838687725365346,1.0843812225509228,1196.9766432904846
2026-08-27T21:35:00+00:00,1.0843812225509228,1.0845571261181843,1.084355492972791,1.0844713344584822,1172.7043586695195
2026-08-27T21:36:00+00:00,1.0844713344584822,1.0846491486854242,1.083803690167988,1.0838530189603057,1139.6617794956233
2026-08-27T21:37:00+00:00,1.0838530189603057,1.0840773289409646,1.0836941025758495,1.0839163400660907,1027.5888391940975
2026-08-27T21:38:00+00:00,1.0839163400660907,1.0841926825657704,1.0838618237100075,1.0841071212770332,1526.744723534949
2026-08-27T21:39:00+00:00,1.0841071212770332,1.084639204573059,1.0841049963491465,1.084585795093906,1069.6322907415642
2026-08-27T21:40:00+00:00,1.084585795093906,1.084761244765877,1.0844190904271236,1.0846919982026197,1184.9418435275325
2026-08-27T21:41:00+00:00,1.0846919982026197,1.0847916300846938,1.0842822960908476,1.0844707852573714,1159.0821864289628
2026-08-27T21:42:00+00:00,1.0844707852573714,1.0845781033951463,1.0838131841976624,1.0839781642757211,1088.11606122359
2026-08-27T21:43:00+00:00,1.0839781642757211,1.0845362450295124,1.0838593368408984,1.0845031775451304,1012.0692004820603
2026-08-27T21:44:00+00:00,1.0845031775451304,1.0848443654906732,1.0844043223845825,1.084562302407041,1040.7523763711845
2026-08-27T21:45:00+00:00,1.084562302407041,1.0845752695714912,1.0842669017179298,1.0843862887433944,1191.640933975151
2026-08-27T21:46:00+00:00,1.0843862887433944,1.0848271038407304,1.084339454762136,1.084731342028012,1004.6019658448406
2026-08-27T21:47:00+00:00,1.084731342028012,1.084782307407951,1.0845997009688508,1.0846289313432367,1431.1757686021147
2026-08-27T21:48:00+00:00,1.0846289313432367,1.084632848645268,1.0843437932044193,1.0845022336211945,1006.0046568119715
2026-08-27T21:49:00+00:00,1.0845022336211945,1.0847237088825088,1.084164417155161,1.0846969599812497,1651.6136553861993
2026-08-27T21:50:00+00:00,1.0846969599812497,1.0849939616660738,1.0844575118641733,1.0846169459042776,1663.5339516676256
2026-08-27T21:51:00+00:00,1.0846169459042776,1.084637757548906,1.0835803944549178,1.0836647724148885,1075.6057314817388
2026-08-27T21:52:00+00:00,1.0836647724148885,1.0842356212906565,1.0835262755136368,1.0838709566719507,1092.9977615208977
2026-08-27T21:53:00+00:00,1.0838709566719507,1.0839714445354214,1.0837671661502295,1.0838759145522774,1121.346559493798
2026-08-27T21:54:00+00:00,1.0838759145522774,1.0840391612172495,1.0835106244059045,1.0839562246682706,1007.8282304177036
2026-08-27T21:55:00+00:00,1.0839562246682706,1.0841506573837503,1.0838137795292635,1.084027991303229,1008.2703989774145
2026-08-27T21:56:00+00:00,1.084027991303229,1.084280273538948,1.083825961078388,1.0842566207722446,1497.9131179818987
2026-08-27T21:57:00+00:00,1.0842566207722446,1.0845690333886826,1.0837664493143087,1.0839057253868496,1382.361304823694
2026-08-27T21:58:00+00:00,1.0839057253868496,1.0843813847862382,1.0838051417165973,1.084249009693703,1321.0985130854315
2026-08-27T21:59:00+00:00,1.084249009693703,1.0847273321087592,1.0839540949486823,1.0845790342421076,1249.3833423533201
2026-08-27T22:00:00+00:00,1.0845790342421076,1.0858306978623957,1.084467356052084,1.0855175160316102,1182.2375214327992
2026-08-27T22:01:00+00:00,1.0855175160316102,1.0857194308350104,1.085304196958259,1.0855974045207588,1019.5767948805996
2026-08-27T22:02:00+00:00,1.0855974045207588,1.0858105451969777,1.0850812865291963,1.0851762073602103,1055.3159085870996
2026-08-27T22:03:00+00:00,1.0851762073602103,1.0852273804565302,1.0851096837731806,1.0851625740298552,1173.1236071385642
2026-08-27T22:04:00+00:00,1.0851625740298552,1.0855219757520989,1.0842468193159716,1.084452853624269,1189.6102702872365
2026-08-27T22:05:00+00:00,1.084452853624269,1.0844618486507114,1.0843442015623712,1.084434649138606,1029.9672517973422
2026-08-27T22:06:00+00:00,1.084434649138606,1.0845499614583185,1.083779164150456,1.0841237214224322,1042.2845181486857
2026-08-27T22:07:00+00:00,1.0841237214224322,1.0843838205104617,1.0841039754643074,1.0842976746452826,1043.5454832070393
2026-08-27T22:08:00+00:00,1.0842976746452826,1.0846452638740334,1.084177671444117,1.0846427602712188,1145.6252942247606
2026-08-27T22:09:00+00:00,1.0846427602712188,1.0849258110759408,1.0845495843470372,1.0847132470920784,1089.719142012574
2026-08-27T22:10:00+00:00,1.0847132470920784,1.084842954789533,1.0841428155962274,1.0843959119124327,1439.8289879221031
2026-08-27T22:11:00+00:00,1.0843959119124327,1.0844883416129882,1.0842027289233889,1.0843939058198906,1201.866301380619
2026-08-27T22:12:00+00:00,1.0843939058198906,1.0850461173734713,1.0842899049779504,1.0848405997463049,1113.1636975860022
2026-08-27T22:13:00+00:00,1.0848405997463049,1.0853916628407259,1.0847009097754086,1.0853747541844274,1088.6273946974045
2026-08-27T22:14:00+00:00,1.0853747541844274,1.0855144947914288,1.0848686149496045,1.0851129579552115,1156.4007095031343
2026-08-27T22:15:00+00:00,1.0851129579552115,1.0854649291710041,1.0849170516498545,1.0851098841080702,1084.0377427580727
2026-08-27T22:16:00+00:00,1.0851098841080702,1.0851766674778014,1.0846028280350517,1.0848667241914471,1155.760259420526
2026-08-27T22:17:00+00:00,1.0848667241914471,1.0853510258903916,1.0847827109593255,1.0853350567526918,1050.2401638591914
2026-08-27T22:18:00+00:00,1.0853350567526918,1.0856984037014286,1.0851020683064654,1.0854866606328066,1015.6296215438659
2026-08-27T22:19:00+00:00,1.0854866606328066,1.0856605325185198,1.0854365057674387,1.0855675391112731,1196.7273090820324
2026-08-27T22:20:00+00:00,1.0855675391112731,1.0864204205758023,1.0855144365579419,1.0863178525108128,1387.8612956655334
2026-08-27T22:21:00+00:00,1.0863178525108128,1.087053282077168,1.0863123401903676,1.0870407366658998,1279.600790864225
2026-08-27T22:22:00+00:00,1.0870407366658998,1.0872194679316358,1.0869977977383785,1.0870093762223347,1116.5788623694184
2026-08-27T22:23:00+00:00,1.0870093762223347,1.0870574156797461,1.0868704846064954,1.0870118175810108,1357.4399970335487
2026-08-27T22:24:00+00:00,1.0870118175810108,1.0873082968600785,1.0867236139756646,1.0867541795248024,1190.935427781782
2026-08-27T22:25:00+00:00,1.0867541795248024,1.0868120292608985,1.0863138877228067,1.0863613403719234,1295.4556586748047
2026-08-27T22:26:00+00:00,1.0863613403719234,1.0865938311765284,1.0861894288816347,1.0863006783644902,1037.9942089011615
2026-08-27T22:27:00+00:00,1.0863006783644902,1.0863608373648996,1.086292892729687,1.0863413018139234,1183.0945980637246
2026-08-27T22:28:00+00:00,1.0863413018139234,1.086733108058202,1.0862951234207294,1.0862986289187069,1222.3700363071964
2026-08-27T22:29:00+00:00,1.0862986289187069,1.0866387017916088,1.086274445127724,1.08653923172951,1544.319814967668
2026-08-27T22:30:00+00:00,1.08653923172951,1.0867225265486382,1.0859046389461877,1.0861346043587745,1598.7147281642845
2026-08-27T22:31:00+00:00,1.0861346043587745,1.0861939959869753,1.0853106542717779,1.0854145388928464,1467.039884961273
2026-08-27T22:32:00+00:00,1.0854145388928464,1.0855150353911918,1.084719730186532,1.0848458876192593,1091.710661815839
2026-08-27T22:33:00+00:00,1.0848458876192593,1.0851872962824918,1.0845300308019767,1.0849665494366754,1258.1113236941644
2026-08-27T22:34:00+00:00,1.0849665494366754,1.0850468580394954,1.0846732553032419,1.0850168839300431,1357.1495817330238
2026-08-27T22:35:00+00:00,1.0850168839300431,1.0850913813781071,1.0848487095495358,1.0848954061428557,1023.5682958424754
2026-08-27T22:36:00+00:00,1.0848954061428557,1.0851112692035927,1.0846157439408608,1.084702632121669,1386.0368510480698
2026-08-27T22:37:00+00:00,1.084702632121669,1.0852523497515243,1.0845064155539539,1.0851650096451544,1348.9574362723622
2026-08-27T22:38:00+00:00,1.0851650096451544,1.0858129494468574,1.0848652740345555,1.0855021801658513,1202.4781460451406
2026-08-27T22:39:00+00:00,1.0855021801658513,1.0864645076299673,1.0854157673924743,1.086263909136043,1105.7696880202957
2026-08-27T22:40:00+00:00,1.086263909136043,1.0863467772621358,1.0860922773324484,1.0863188743758219,1373.604957429259
2026-08-27T22:41:00+00:00,1.0863188743758219,1.0865460576495967,1.0857347664801893,1.085825595398806,1151.3651732635794
2026-08-27T22:42:00+00:00,1.085825595398806,1.0859883860529103,1.0858204926951776,1.0859449787122943,1169.1575262868014
2026-08-27T22:43:00+00:00,1.0859449787122943,1.0861001274126407,1.085633202837759,1.0857575699391298,1025.2372453169428
2026-08-27T22:44:00+00:00,1.0857575699391298,1.0860104988923867,1.0855196025954439,1.0856163549909437,1162.1633719283784
2026-08-27T22:45:00+00:00,1.0856163549909437,1.0860801195417293,1.0854819381769187,1.0860368697683775,1278.9222036166268
2026-08-27T22:46:00+00:00,1.0860368697683775,1.0864373053286374,1.0857783899986257,1.0864047718231098,1167.3822642585737
2026-08-27T22:47:00+00:00,1.0864047718231098,1.08661366060213,1.0859387173199306,1.0860493292361628,1041.182065761454
2026-08-27T22:48:00+00:00,1.0860493292361628,1.086195739389683,1.086007042397195,1.0861415810456034,1138.332547207101
2026-08-27T22:49:00+00:00,1.0861415810456034,1.0863834105613783,1.0861071911906282,1.086382516948802,1688.1450660836576
2026-08-27T22:50:00+00:00,1.086382516948802,1.0868157175355644,1.0860920257208408,1.0868105274177615,1023.8684586763211
2026-08-27T22:51:00+00:00,1.0868105274177615,1.0871500758263613,1.0866340203737561,1.0869754967959606,1386.760780431954
2026-08-27T22:52:00+00:00,1.0869754967959606,1.0873659500986763,1.086879150649191,1.086902994667358,1169.9312815045455
2026-08-27T22:53:00+00:00,1.086902994667358,1.0870849210018652,1.0865737531948403,1.0867525229344632,1226.5864330428392
2026-08-27T22:54:00+00:00,1.0867525229344632,1.0874673646506596,1.0866590877476936,1.087327593741108,1415.614523059523
2026-08-27T22:55:00+00:00,1.087327593741108,1.0874376888439903,1.0869378000764935,1.0870707270325346,1145.5977899335446
2026-08-27T22:56:00+00:00,1.0870707270325346,1.0872310343168001,1.0870425855983394,1.0871870409332476,1036.407297302767
2026-08-27T22:57:00+00:00,1.0871870409332476,1.0873831153255755,1.0870305759730545,1.087260463113375,1171.486106393327
2026-08-27T22:58:00+00:00,1.087260463113375,1.0874932585343715,1.0866617081132437,1.0866803742836624,1276.4308733759851
2026-08-27T22:59:00+00:00,1.0866803742836624,1.0867341646776592,1.086045189251606,1.086049600568633,1360.3712022901004
2026-08-27T23:00:00+00:00,1.086049600568633,1.0861676224224959,1.0856728354151375,1.0858485078390694,1398.5195627133874
2026-08-27T23:01:00+00:00,1.0858485078390694,1.0860767520676873,1.0854313983046566,1.0855161469322405,1235.1127473072108
2026-08-27T23:02:00+00:00,1.0855161469322405,1.0857980760218484,1.0853887980146797,1.0855861495126387,1198.142083058383
2026-08-27T23:03:00+00:00,1.0855861495126387,1.0858732053570663,1.0855366382057767,1.0857938748278468,1197.6762188468883
2026-08-27T23:04:00+00:00,1.0857938748278468,1.0860941578705237,1.0855262918321498,1.0855797960420288,1120.210749234393
2026-08-27T23:05:00+00:00,1.0855797960420288,1.085728760719421,1.0854842704831302,1.0855839782468646,1020.5706348756537
2026-08-27T23:06:00+00:00,1.0855839782468646,1.0856770248011745,1.0852080220226679,1.085467830828897,1062.8019544887075
2026-08-27T23:07:00+00:00,1.085467830828897,1.0864982361041218,1.0853390894479167,1.0862491090782482,1146.750552344416
2026-08-27T23:08:00+00:00,1.0862491090782482,1.086953072378169,1.086230867349313,1.0869236432117344,1265.6422089430341
2026-08-27T23:09:00+00:00,1.0869236432117344,1.087324814595032,1.0868368401719681,1.0871055199040587,1105.7721257959106
2026-08-27T23:10:00+00:00,1.0871055199040587,1.0871331740175862,1.0867994826281395,1.087031847964532,1262.2074009654134
2026-08-27T23:11:00+00:00,1.087031847964532,1.0872119604407686,1.0867567237650246,1.0868792330599681,1206.1381395839367
2026-08-27T23:12:00+00:00,1.0868792330599681,1.0873811605067618,1.0866578802057774,1.0872085938839715,1416.8302687312814
2026-08-27T23:13:00+00:00,1.0872085938839715,1.0876456704294029,1.0869661708840805,1.0875511601135355,1186.358406925318
2026-08-27T23:14:00+00:00,1.0875511601135355,1.0876070289968518,1.0872567975576348,1.087315133133551,1507.06782707726
2026-08-27T23:15:00+00:00,1.087315133133551,1.0876600852919958,1.0871674544785896,1.087409832846375,1301.712190646243
2026-08-27T23:16:00+00:00,1.087409832846375,1.0875491748421109,1.0870639795129076,1.0871524584960615,1324.5021728028419
2026-08-27T23:17:00+00:00,1.0871524584960615,1.0875816680440307,1.0871003901871161,1.0874835107683452,1386.9468544027334
2026-08-27T23:18:00+00:00,1.0874835107683452,1.0875735156040147,1.0871332677442687,1.0872926897608308,1127.2727801166166
2026-08-27T23:19:00+00:00,1.0872926897608308,1.087408455077329,1.0868481866151043,1.0870184754491847,1514.383166940954
2026-08-27T23:20:00+00:00,1.0870184754491847,1.0874702247380568,1.0869899819253754,1.0872531802104306,1244.1598833915573
2026-08-27T23:21:00+00:00,1.0872531802104306,1.0872813812338802,1.0860342417127418,1.0862324186172192,1074.3073466541496
2026-08-27T23:22:00+00:00,1.0862324186172192,1.0868348270372474,1.0860488082889048,1.0865938996448066,1110.3405724136562
2026-08-27T23:23:00+00:00,1.0865938996448066,1.0871299575221938,1.0863433821867126,1.0870034841806637,1101.3288008274867
2026-08-27T23:24:00+00:00,1.0870034841806637,1.0870213019188462,1.0863771924016803,1.086471436393345,1266.9934832863837
2026-08-27T23:25:00+00:00,1.086471436393345,1.086683027467798,1.0856382307739245,1.0856996022101204,1367.7884753396547
2026-08-27T23:26:00+00:00,1.0856996022101204,1.0858723186811958,1.0848691604405596,1.0852067577893005,1501.7806481737289
2026-08-27T23:27:00+00:00,1.0852067577893005,1.0852505707529718,1.085112246708092,1.0851373144023047,1249.609801050239
2026-08-27T23:28:00+00:00,1.0851373144023047,1.085556139725169,1.0849160952059154,1.0855419764183496,1185.272913109881
2026-08-27T23:29:00+00:00,1.0855419764183496,1.085644372478078,1.0853312743411152,1.0853741173489106,1405.9127141470533
2026-08-27T23:30:00+00:00,1.0853741173489106,1.0858904947941153,1.0853172950712624,1.0858170400996845,1441.0209286031768
2026-08-27T23:31:00+00:00,1.0858170400996845,1.085887634923515,1.0854297671698037,1.0856236734396825,1314.2212466899612
2026-08-27T23:32:00+00:00,1.0856236734396825,1.0860466069443868,1.08541833025545,1.0858315799538976,1061.865370898047
2026-08-27T23:33:00+00:00,1.0858315799538976,1.086404659451126,1.0856912820236506,1.0859896388271109,1284.4558994497277
2026-08-27T23:34:00+00:00,1.0859896388271109,1.0865656648135842,1.0858563391563014,1.0862932996421613,1041.560543108542
2026-08-27T23:35:00+00:00,1.0862932996421613,1.086318465523375,1.086039807897777,1.0861163997172552,1202.3616896531444
2026-08-27T23:36:00+00:00,1.0861163997172552,1.086408013429654,1.0860276663994457,1.0863043336749199,1134.2118773553811
2026-08-27T23:37:00+00:00,1.0863043336749199,1.0863511301030508,1.0858362441876825,1.0860968066104464,1006.7714330097444
2026-08-27T23:38:00+00:00,1.0860968066104464,1.0862165959391643,1.085992048536837,1.086051602760964,1270.7029659913728
2026-08-27T23:39:00+00:00,1.086051602760964,1.0861523726373796,1.085512412442697,1.0855957991941902,1199.6812602160192
2026-08-27T23:40:00+00:00,1.0855957991941902,1.0864383003887834,1.0853097387664397,1.0862997795527187,1164.5736737295258
2026-08-27T23:41:00+00:00,1.0862997795527187,1.08704279171413,1.086104416957823,1.0868835494271671,1364.18757798416
2026-08-27T23:42:00+00:00,1.0868835494271671,1.0869045833367459,1.0864698905382553,1.086870295724253,1044.3619740232305
2026-08-27T23:43:00+00:00,1.086870295724253,1.0869729974446147,1.0866675448648009,1.0867402273801436,1082.6159468209125
2026-08-27T23:44:00+00:00,1.0867402273801436,1.0871187229516803,1.08668678406866,1.0868380809370473,1118.281548225114
2026-08-27T23:45:00+00:00,1.0868380809370473,1.0875868374170132,1.0866687468464293,1.0874230761067265,1458.0127833887273
2026-08-27T23:46:00+00:00,1.0874230761067265,1.08760209875111,1.0867676525839756,1.0869369558139426,1461.5655083299555
2026-08-27T23:47:00+00:00,1.0869369558139426,1.0874408822159032,1.0868556242030516,1.0871381976325354,1363.285432028369
2026-08-27T23:48:00+00:00,1.0871381976325354,1.0871898067763357,1.086239564831119,1.0865521627342305,1194.7903471620161
2026-08-27T23:49:00+00:00,1.0865521627342305,1.0865954851195625,1.086290873882359,1.086299734553187,1245.3017877240459
2026-08-27T23:50:00+00:00,1.086299734553187,1.0863021939364736,1.0861062752980208,1.086195337761554,1028.6641526935264
2026-08-27T23:51:00+00:00,1.086195337761554,1.0862057046557392,1.0854617261162776,1.0857764198501474,1122.5490580236358
2026-08-27T23:52:00+00:00,1.0857764198501474,1.086543501081276,1.0855712109365478,1.0865305354425403,1064.2827239940748
2026-08-27T23:53:00+00:00,1.0865305354425403,1.0867996617993778,1.086066411046666,1.086186404145359,1184.217353632894
2026-08-27T23:54:00+00:00,1.086186404145359,1.0863731400369723,1.0860354371816876,1.0863573350398679,1269.6446858910313
2026-08-27T23:55:00+00:00,1.0863573350398679,1.0869347260592703,1.086202251704952,1.0868948526884752,1527.7252051992014
2026-08-27T23:56:00+00:00,1.0868948526884752,1.0872983844344932,1.086210113442371,1.0863973409064906,1019.2047267133596
2026-08-27T23:57:00+00:00,1.0863973409064906,1.0865258204395232,1.0863520007372571,1.0865001353658517,1343.3046472625063
2026-08-27T23:58:00+00:00,1.0865001353658517,1.0867753543821375,1.0859993963291183,1.086122625712969,1211.367011913721
2026-08-27T23:59:00+00:00,1.086122625712969,1.0861672899617976,1.0854576262769842,1.085500140192687,1259.1278569499664
2026-08-28T00:00:00+00:00,1.085500140192687,1.0855970932003791,1.0850314241062866,1.085094247939681,1184.4140378646803
2026-08-28T00:01:00+00:00,1.085094247939681,1.0854415176367687,1.0849646763350294,1.0852953256792963,1004.6890757834079
2026-08-28T00:02:00+00:00,1.0852953256792963,1.085313168242648,1.084120843393088,1.084283496389221,1365.7044427499993
2026-08-28T00:03:00+00:00,1.084283496389221,1.0844075875779757,1.0840746526028606,1.0841404243949515,1316.4629733506072
2026-08-28T00:04:00+00:00,1.0841404243949515,1.0843538391182284,1.0834656706504908,1.0837178236982519,1099.7003055722898
2026-08-28T00:05:00+00:00,1.0837178236982519,1.0842272967682058,1.0835870610009914,1.0840928447227263,1064.9225923544723
2026-08-28T00:06:00+00:00,1.0840928447227263,1.084358796296725,1.083896684453353,1.0843546775522166,1162.277118546066
2026-08-28T00:07:00+00:00,1.0843546775522166,1.0845950099492256,1.0838150919409226,1.0840038058518784,1184.5895321125665
2026-08-28T00:08:00+00:00,1.0840038058518784,1.0841566026059586,1.0835497007946844,1.083622042543177,1317.8175372752808
2026-08-28T00:09:00+00:00,1.083622042543177,1.0837239953980182,1.08343545668391,1.0835250541912322,1239.8740334147476
2026-08-28T00:10:00+00:00,1.0835250541912322,1.0836262149557558,1.0835063874318895,1.0835513093520213,1062.332934169435
2026-08-28T00:11:00+00:00,1.0835513093520213,1.084047645542441,1.083464242058978,1.0836917674540045,1198.9849064041728
2026-08-28T00:12:00+00:00,1.0836917674540045,1.0842525489496448,1.0835756272186654,1.0839960165593554,1073.4626070283061
2026-08-28T00:13:00+00:00,1.0839960165593554,1.0841571947335793,1.0838062012120184,1.0838781792930874,1241.1699915072236
2026-08-28T00:14:00+00:00,1.0838781792930874,1.0841728030677313,1.0831329085517858,1.0833310372150131,1108.9136998038468
2026-08-28T00:15:00+00:00,1.0833310372150131,1.08354396786725,1.0832523351351482,1.0835239443586298,1303.9610992160144
2026-08-28T00:16:00+00:00,1.0835239443586298,1.0839773016451757,1.083363744583673,1.0838907837276255,1021.9356840654136
2026-08-28T00:17:00+00:00,1.0838907837276255,1.0841000474216091,1.0829650890955238,1.0831483088077039,1034.2043894903688
2026-08-28T00:18:00+00:00,1.0831483088077039,1.0831877292593097,1.0829347570984997,1.083003813965142,1136.1322646122526
2026-08-28T00:19:00+00:00,1.083003813965142,1.083070663751487,1.0827574221553533,1.0830472240454108,1011.3993874442999
2026-08-28T00:20:00+00:00,1.0830472240454108,1.084056613221721,1.08276834531308,1.08376355282174,1265.3651158426837
2026-08-28T00:21:00+00:00,1.08376355282174,1.083838339650166,1.083740377564783,1.0838160304034623,1182.7795587182445
2026-08-28T00:22:00+00:00,1.0838160304034623,1.0839202092195688,1.0835263979515992,1.083792984552589,1133.598968701657
2026-08-28T00:23:00+00:00,1.083792984552589,1.0841044007008902,1.083616308769254,1.0836249763267147,1104.0633137962946
2026-08-28T00:24:00+00:00,1.0836249763267147,1.0838096950737623,1.0828481527402611,1.0832137539116633,1142.2499416573798
2026-08-28T00:25:00+00:00,1.0832137539116633,1.0836331262570527,1.083183652950105,1.0831886864278544,1037.058393861299
2026-08-28T00:26:00+00:00,1.0831886864278544,1.0837570935986331,1.0831614984319244,1.08373530400035,1167.2091060700545
2026-08-28T00:27:00+00:00,1.08373530400035,1.083979046464579,1.0833415055177715,1.0835041072784073,1429.0366131188798
2026-08-28T00:28:00+00:00,1.0835041072784073,1.08350900317273,1.083226001553223,1.0833691322041057,1241.7895234764844
2026-08-28T00:29:00+00:00,1.0833691322041057,1.083460872285806,1.0826598870239612,1.0828379009672655,1352.8014904060233
2026-08-28T00:30:00+00:00,1.0828379009672655,1.083014895721278,1.0823622102455555,1.082478079421201,1189.277765110859
2026-08-28T00:31:00+00:00,1.082478079421201,1.0826657122928491,1.0817050012661005,1.081972540204039,1148.599261664654
2026-08-28T00:32:00+00:00,1.081972540204039,1.0820275580040282,1.0812732283488498,1.0816800509194506,1251.0929626138604
2026-08-28T00:33:00+00:00,1.0816800509194506,1.0819711701822887,1.0813600696034964,1.0814691845673672,1296.8031647523562
2026-08-28T00:34:00+00:00,1.0814691845673672,1.0822133472323254,1.0813570242682826,1.082170098813085,1127.4812179165167
2026-08-28T00:35:00+00:00,1.082170098813085,1.0823175293775702,1.08127318670349,1.0814493211740788,1265.7876666316615
2026-08-28T00:36:00+00:00,1.0814493211740788,1.0816553511872324,1.0807491771834958,1.0807959365764748,1190.8914095122702
2026-08-28T00:37:00+00:00,1.0807959365764748,1.0810852962657824,1.0806054885275542,1.081083954890576,1155.4980981330248
2026-08-28T00:38:00+00:00,1.081083954890576,1.081704869028955,1.0807878056127096,1.08139456223107,1124.2742888081602
2026-08-28T00:39:00+00:00,1.08139456223107,1.0819540942877757,1.0812778166821349,1.0816522997127722,1087.31898857592
2026-08-28T00:40:00+00:00,1.0816522997127722,1.0822665587639557,1.081508901452674,1.0820296646471308,1507.4354720640629
2026-08-28T00:41:00+00:00,1.0820296646471308,1.0820858167139944,1.0816339609058832,1.081907611320197,1147.8147061982847
2026-08-28T00:42:00+00:00,1.081907611320197,1.0823271327897392,1.0817998443803534,1.0820698024716917,1075.9363139642833
2026-08-28T00:43:00+00:00,1.0820698024716917,1.0822217890649133,1.081484563734564,1.0815923268072987,1036.7643588433834
2026-08-28T00:44:00+00:00,1.0815923268072987,1.0818627949279165,1.0814953437051706,1.0815419345058628,1267.960984556973
2026-08-28T00:45:00+00:00,1.0815419345058628,1.0822487451967702,1.0815255355010116,1.0820946988934794,1180.2724850241293
2026-08-28T00:46:00+00:00,1.0820946988934794,1.0822606170409976,1.0812062599456371,1.0813541399307518,1200.7029966076732
2026-08-28T00:47:00+00:00,1.0813541399307518,1.0813858606891922,1.0807829576891397,1.0808224889781917,1151.597451200942
2026-08-28T00:48:00+00:00,1.0808224889781917,1.0812666815878278,1.0806864163500711,1.0810382025556355,1244.6621408097008
2026-08-28T00:49:00+00:00,1.0810382025556355,1.0811507342616966,1.0806032516932336,1.0806322768953787,1060.8148666902064
2026-08-28T00:50:00+00:00,1.0806322768953787,1.0809687353587223,1.0804519836858535,1.0809659167149808,1218.8377808250161
2026-08-28T00:51:00+00:00,1.0809659167149808,1.0810766482270202,1.0808437446329078,1.0809847497237643,1131.8798358236072
2026-08-28T00:52:00+00:00,1.0809847497237643,1.0809887812192664,1.0803924882424076,1.080875775340921,1159.6021072225276
2026-08-28T00:53:00+00:00,1.080875775340921,1.081273974241296,1.080760591265463,1.0811344100005331,1079.7694000589074
2026-08-28T00:54:00+00:00,1.0811344100005331,1.0813428510323397,1.0808730019902417,1.0811748477521075,1140.808464448127
2026-08-28T00:55:00+00:00,1.0811748477521075,1.0819296924926027,1.081173716549679,1.081550733889374,1069.4459483241062
2026-08-28T00:56:00+00:00,1.081550733889374,1.0816887936863568,1.0815053285953204,1.0815911712703892,1040.5864489481799
2026-08-28T00:57:00+00:00,1.0815911712703892,1.0817069283202618,1.0804631288396045,1.0808429217865516,1157.1292903734725
2026-08-28T00:58:00+00:00,1.0808429217865516,1.080959321713197,1.0807097550072364,1.0809276512289732,1145.4161315900428
2026-08-28T00:59:00+00:00,1.0809276512289732,1.081875392335818,1.0809182053673532,1.081594523922813,1322.0071433893445
2026-08-28T01:00:00+00:00,1.081594523922813,1.0819084772384673,1.0808840222331682,1.0809623390410832,1218.738896974264
2026-08-28T01:01:00+00:00,1.0809623390410832,1.0809928448424626,1.0802297123337086,1.0807200751322168,1165.207270190953
2026-08-28T01:02:00+00:00,1.0807200751322168,1.0807648632914133,1.0807029289726626,1.080708489832822,1232.726519000417
2026-08-28T01:03:00+00:00,1.080708489832822,1.081551801744833,1.080682272051332,1.081350089775029,1119.2391161854928
2026-08-28T01:04:00+00:00,1.081350089775029,1.0817038336030644,1.0810649470439235,1.081455363356935,1579.152040293177
2026-08-28T01:05:00+00:00,1.081455363356935,1.081656230256431,1.0814434174871828,1.0816250797720166,1591.6532063806808
2026-08-28T01:06:00+00:00,1.0816250797720166,1.081747608189534,1.081225670556428,1.0814550006448822,1228.8839108616012
2026-08-28T01:07:00+00:00,1.0814550006448822,1.0817792297257556,1.0814513227450324,1.0816909398737389,1128.5963002788183
2026-08-28T01:08:00+00:00,1.0816909398737389,1.081702489365962,1.0814283183849251,1.0814348520887662,1138.6003423325099
2026-08-28T01:09:00+00:00,1.0814348520887662,1.0814580736322246,1.0813594592082416,1.0813813108045738,1161.232733405299
2026-08-28T01:10:00+00:00,1.0813813108045738,1.082283682481814,1.081311737914731,1.0822002114152924,1572.9054344067324
2026-08-28T01:11:00+00:00,1.0822002114152924,1.0829585347419963,1.0820873377689704,1.0827057467180163,1209.492187773641
2026-08-28T01:12:00+00:00,1.0827057467180163,1.0836085791263395,1.082580591079461,1.0833947675827322,1294.3040809171455
2026-08-28T01:13:00+00:00,1.0833947675827322,1.0834384583379755,1.0829579731835937,1.0830399977270848,1255.3771694724678
2026-08-28T01:14:00+00:00,1.0830399977270848,1.0831050221231906,1.0828604576929246,1.0828702933926104,1084.0874165132175
2026-08-28T01:15:00+00:00,1.0828702933926104,1.0830711931601422,1.0825365091479588,1.0827383322135082,1399.011886418202
2026-08-28T01:16:00+00:00,1.0827383322135082,1.0829047607812574,1.082603544042294,1.0826756775003732,1164.9189124802847
2026-08-28T01:17:00+00:00,1.0826756775003732,1.0829603425586447,1.0825824725246773,1.082836361896933,1252.643583928668
2026-08-28T01:18:00+00:00,1.082836361896933,1.083155736911728,1.0821363541789617,1.0824756748943727,1455.7669226089536
2026-08-28T01:19:00+00:00,1.0824756748943727,1.0833297323695297,1.0824207426940562,1.0832090991178347,1149.9843209427963
2026-08-28T01:20:00+00:00,1.0832090991178347,1.0832279369783238,1.0828760808082631,1.0828814161726754,1167.5684351028467
2026-08-28T01:21:00+00:00,1.0828814161726754,1.083256976209295,1.08172772447053,1.0820972143892473,1006.845613604288
2026-08-28T01:22:00+00:00,1.0820972143892473,1.082412682575616,1.082052826219563,1.0823354669580085,1052.2107869223507
2026-08-28T01:23:00+00:00,1.0823354669580085,1.0824693304563486,1.0822430295938492,1.0822719507177845,1006.0160106724862
2026-08-28T01:24:00+00:00,1.0822719507177845,1.082515909211689,1.0822655371515688,1.0823770731033138,1011.960811375783
2026-08-28T01:25:00+00:00,1.0823770731033138,1.0827632999988914,1.0823089672208108,1.0825906401193168,1245.8118857715447
2026-08-28T01:26:00+00:00,1.0825906401193168,1.0828622992161159,1.0825108615221193,1.082802427695227,1059.0629123812473
2026-08-28T01:27:00+00:00,1.082802427695227,1.083317436552474,1.082776753021368,1.0830651522457593,1160.6811457465776
2026-08-28T01:28:00+00:00,1.0830651522457593,1.0832280313423466,1.082917633778679,1.0831948309858448,1184.3531092285064
2026-08-28T01:29:00+00:00,1.0831948309858448,1.0833039592930889,1.0829505623435998,1.0831444170467488,1254.5476874439646
2026-08-28T01:30:00+00:00,1.0831444170467488,1.0835215879825257,1.0831267300677747,1.0833225716616195,1088.0533935585063
2026-08-28T01:31:00+00:00,1.0833225716616195,1.0834880162295477,1.0832605914526068,1.0832703074222074,1083.0483336557606
2026-08-28T01:32:00+00:00,1.0832703074222074,1.0835247379505213,1.083092949373068,1.083388419572594,1418.7987963889436
2026-08-28T01:33:00+00:00,1.083388419572594,1.0833896771943208,1.083156876013535,1.08331313446012,1152.1066084472018
2026-08-28T01:34:00+00:00,1.08331313446012,1.083604637529874,1.0831931801551962,1.0835125239756733,1434.3218067725993
2026-08-28T01:35:00+00:00,1.0835125239756733,1.0835845153646264,1.0832030027941675,1.0833537091908323,1243.3021950714851
2026-08-28T01:36:00+00:00,1.0833537091908323,1.0838126549342864,1.0831692937012232,1.0838069154051615,1100.599580498696
2026-08-28T01:37:00+00:00,1.0838069154051615,1.084414965370577,1.0836747157410567,1.0842377564960035,1457.6230052587275
2026-08-28T01:38:00+00:00,1.0842377564960035,1.0844690086243873,1.083776212489862,1.0839755624250502,1282.838914243648
2026-08-28T01:39:00+00:00,1.0839755624250502,1.0848319894243443,1.083793416626597,1.0847080256195754,1083.1765968554123
2026-08-28T01:40:00+00:00,1.0847080256195754,1.084724744046589,1.0842295556036066,1.0842619004505716,1021.3853063285417
2026-08-28T01:41:00+00:00,1.0842619004505716,1.0845697456239343,1.0842307003367282,1.0845462162759962,1106.0289134073905
2026-08-28T01:42:00+00:00,1.0845462162759962,1.0848647758122407,1.0844742423525986,1.0845648798307106,1021.1520667731539
2026-08-28T01:43:00+00:00,1.0845648798307106,1.084666596176237,1.0842888197693477,1.0845075010007732,1037.502775702581
2026-08-28T01:44:00+00:00,1.0845075010007732,1.084598989450961,1.084097988759308,1.0841202019592657,1111.3659656871764
2026-08-28T01:45:00+00:00,1.0841202019592657,1.0847435536329304,1.084040201627527,1.0845545720135013,1035.8743696648482
2026-08-28T01:46:00+00:00,1.0845545720135013,1.0845622905474097,1.084115788447934,1.0841311419828001,1125.3466609033164
2026-08-28T01:47:00+00:00,1.0841311419828001,1.0841804535740212,1.0837138640514987,1.0839846516726364,1270.9194279710541
2026-08-28T01:48:00+00:00,1.0839846516726364,1.084476860212208,1.0839825573802486,1.0843074394932668,1149.7623955320946
2026-08-28T01:49:00+00:00,1.0843074394932668,1.0850843099349772,1.0841773912684305,1.0847439504362308,1168.040101447781
2026-08-28T01:50:00+00:00,1.0847439504362308,1.0851859833066042,1.0844368564524964,1.0850179766664063,1362.9962406720256
2026-08-28T01:51:00+00:00,1.0850179766664063,1.08524881760743,1.0850090919393918,1.0851029417560645,1225.4446460614058
2026-08-28T01:52:00+00:00,1.0851029417560645,1.0852836637085008,1.084025723911601,1.0841460730535706,1520.2614591479025
2026-08-28T01:53:00+00:00,1.0841460730535706,1.0847561133733796,1.0839607843961072,1.0844665497028463,1099.635177805861
2026-08-28T01:54:00+00:00,1.0844665497028463,1.0854493993005039,1.0844657837551375,1.085349975412486,1261.8219551339316
2026-08-28T01:55:00+00:00,1.085349975412486,1.08546474431759,1.0850753697328575,1.0851358911240228,1018.2158452449394
2026-08-28T01:56:00+00:00,1.0851358911240228,1.085214703038612,1.0846659571800263,1.0847543560263786,1017.8763652438645
2026-08-28T01:57:00+00:00,1.0847543560263786,1.0854830200329142,1.084541760165017,1.08542967238193,1136.6608341608853
2026-08-28T01:58:00+00:00,1.08542967238193,1.0860622086634677,1.0853974342119073,1.0857470985995092,1043.8395095344551
